"Competizione";"Data";"Ora";"Giornata/turno";"Numero gara";"Avversaria";"Casa/trasferta";"Palestra/località";"Stato";"Esito";"Punti classifica";"Set squadra";"Set avversaria";"Parziali";"Punti squadra";"Ace squadra";"Muri squadra";"Errori squadra";"Ricezione positiva %";"MVP";"Note";"Numero maglia";"Atleta";"Ruolo";"Punti atleta";"Ace atleta";"Muri atleta";"Difese atleta"
"Coppa Top Level";"2026-09-23";"21:15";"Giornata 1";"3046";"Polisportiva Trezzano ASD";"Casa";"Scuola media Rho-Quartiere Stellanda · Rho · Via S. di Giacomo";"Giocata";"Vittoria";"3";"3";"1";"25/12 21/25 26/24 25/22";"";"";"";"";"";"";"";"5";"Vanessa Recalcati";"Schiacciatrice";"7";"";"";""
"Coppa Top Level";"2026-09-23";"21:15";"Giornata 1";"3046";"Polisportiva Trezzano ASD";"Casa";"Scuola media Rho-Quartiere Stellanda · Rho · Via S. di Giacomo";"Giocata";"Vittoria";"3";"3";"1";"25/12 21/25 26/24 25/22";"";"";"";"";"";"";"";"6";"Erica Bortolotti";"Palleggiatrice";"7";"";"";""
"Coppa Top Level";"2026-09-23";"21:15";"Giornata 1";"3046";"Polisportiva Trezzano ASD";"Casa";"Scuola media Rho-Quartiere Stellanda · Rho · Via S. di Giacomo";"Giocata";"Vittoria";"3";"3";"1";"25/12 21/25 26/24 25/22";"";"";"";"";"";"";"";"10";"Melissa Leonardi";"Opposta";"8";"";"";""
"Coppa Top Level";"2026-09-23";"21:15";"Giornata 1";"3046";"Polisportiva Trezzano ASD";"Casa";"Scuola media Rho-Quartiere Stellanda · Rho · Via S. di Giacomo";"Giocata";"Vittoria";"3";"3";"1";"25/12 21/25 26/24 25/22";"";"";"";"";"";"";"";"15";"Anna Paola Barbetta";"Centrale";"6";"";"";""
"Coppa Top Level";"2026-09-23";"21:15";"Giornata 1";"3046";"Polisportiva Trezzano ASD";"Casa";"Scuola media Rho-Quartiere Stellanda · Rho · Via S. di Giacomo";"Giocata";"Vittoria";"3";"3";"1";"25/12 21/25 26/24 25/22";"";"";"";"";"";"";"";"19";"Martina Dal Ferro";"Schiacciatrice";"1";"";"";""
"Coppa Top Level";"2026-09-23";"21:15";"Giornata 1";"3046";"Polisportiva Trezzano ASD";"Casa";"Scuola media Rho-Quartiere Stellanda · Rho · Via S. di Giacomo";"Giocata";"Vittoria";"3";"3";"1";"25/12 21/25 26/24 25/22";"";"";"";"";"";"";"";"21";"Francesca Blecich";"Libero";"0";"";"";""
"Coppa Top Level";"2026-09-23";"21:15";"Giornata 1";"3046";"Polisportiva Trezzano ASD";"Casa";"Scuola media Rho-Quartiere Stellanda · Rho · Via S. di Giacomo";"Giocata";"Vittoria";"3";"3";"1";"25/12 21/25 26/24 25/22";"";"";"";"";"";"";"";"23";"Elena Cappelletto";"Centrale";"12";"";"";""
"Coppa Top Level";"2026-09-23";"21:15";"Giornata 1";"3046";"Polisportiva Trezzano ASD";"Casa";"Scuola media Rho-Quartiere Stellanda · Rho · Via S. di Giacomo";"Giocata";"Vittoria";"3";"3";"1";"25/12 21/25 26/24 25/22";"";"";"";"";"";"";"";"32";"Giada Colombo";"Centrale";"0";"";"";""
"Coppa Top Level";"2026-09-23";"21:15";"Giornata 1";"3046";"Polisportiva Trezzano ASD";"Casa";"Scuola media Rho-Quartiere Stellanda · Rho · Via S. di Giacomo";"Giocata";"Vittoria";"3";"3";"1";"25/12 21/25 26/24 25/22";"";"";"";"";"";"";"";"36";"Silvia Dell’Acqua";"Schiacciatrice";"3";"";"";""
"Coppa Top Level";"2026-09-23";"21:15";"Giornata 1";"3046";"Polisportiva Trezzano ASD";"Casa";"Scuola media Rho-Quartiere Stellanda · Rho · Via S. di Giacomo";"Giocata";"Vittoria";"3";"3";"1";"25/12 21/25 26/24 25/22";"";"";"";"";"";"";"";"40";"Sara Berni";"Libero";"0";"";"";""
"Coppa Top Level";"2026-09-23";"21:15";"Giornata 1";"3046";"Polisportiva Trezzano ASD";"Casa";"Scuola media Rho-Quartiere Stellanda · Rho · Via S. di Giacomo";"Giocata";"Vittoria";"3";"3";"1";"25/12 21/25 26/24 25/22";"";"";"";"";"";"";"";"42";"Laura Lociuro";"Opposta";"0";"";"";""
"Coppa Top Level";"2026-09-23";"21:15";"Giornata 1";"3046";"Polisportiva Trezzano ASD";"Casa";"Scuola media Rho-Quartiere Stellanda · Rho · Via S. di Giacomo";"Giocata";"Vittoria";"3";"3";"1";"25/12 21/25 26/24 25/22";"";"";"";"";"";"";"";"44";"Silvia Genoni";"Schiacciatrice · capitana";"12";"";"";""
"Coppa Top Level";"2026-09-23";"21:15";"Giornata 1";"3046";"Polisportiva Trezzano ASD";"Casa";"Scuola media Rho-Quartiere Stellanda · Rho · Via S. di Giacomo";"Giocata";"Vittoria";"3";"3";"1";"25/12 21/25 26/24 25/22";"";"";"";"";"";"";"";"53";"Arianna Radice";"Palleggiatrice";"0";"";"";""
"Coppa Top Level";"2026-09-23";"21:15";"Giornata 1";"3046";"Polisportiva Trezzano ASD";"Casa";"Scuola media Rho-Quartiere Stellanda · Rho · Via S. di Giacomo";"Giocata";"Vittoria";"3";"3";"1";"25/12 21/25 26/24 25/22";"";"";"";"";"";"";"";"64";"Chiara Papetti";"Da assegnare";"5";"";"";""
"Coppa Top Level";"2026-10-02";"21:00";"Giornata 2";"3049";"A.S.D. Oratorio San Gaetano";"Trasferta";"Palestra Oratorio San Gaetano · Abbiategrasso · Via Carlo Maria Maggi";"In programma";"";"";"";"";"";"";"";"";"";"";"";"";"5";"Vanessa Recalcati";"Schiacciatrice";"";"";"";""
"Coppa Top Level";"2026-10-02";"21:00";"Giornata 2";"3049";"A.S.D. Oratorio San Gaetano";"Trasferta";"Palestra Oratorio San Gaetano · Abbiategrasso · Via Carlo Maria Maggi";"In programma";"";"";"";"";"";"";"";"";"";"";"";"";"6";"Erica Bortolotti";"Palleggiatrice";"";"";"";""
"Coppa Top Level";"2026-10-02";"21:00";"Giornata 2";"3049";"A.S.D. Oratorio San Gaetano";"Trasferta";"Palestra Oratorio San Gaetano · Abbiategrasso · Via Carlo Maria Maggi";"In programma";"";"";"";"";"";"";"";"";"";"";"";"";"10";"Melissa Leonardi";"Opposta";"";"";"";""
"Coppa Top Level";"2026-10-02";"21:00";"Giornata 2";"3049";"A.S.D. Oratorio San Gaetano";"Trasferta";"Palestra Oratorio San Gaetano · Abbiategrasso · Via Carlo Maria Maggi";"In programma";"";"";"";"";"";"";"";"";"";"";"";"";"15";"Anna Paola Barbetta";"Centrale";"";"";"";""
"Coppa Top Level";"2026-10-02";"21:00";"Giornata 2";"3049";"A.S.D. Oratorio San Gaetano";"Trasferta";"Palestra Oratorio San Gaetano · Abbiategrasso · Via Carlo Maria Maggi";"In programma";"";"";"";"";"";"";"";"";"";"";"";"";"19";"Martina Dal Ferro";"Schiacciatrice";"";"";"";""
"Coppa Top Level";"2026-10-02";"21:00";"Giornata 2";"3049";"A.S.D. Oratorio San Gaetano";"Trasferta";"Palestra Oratorio San Gaetano · Abbiategrasso · Via Carlo Maria Maggi";"In programma";"";"";"";"";"";"";"";"";"";"";"";"";"21";"Francesca Blecich";"Libero";"";"";"";""
"Coppa Top Level";"2026-10-02";"21:00";"Giornata 2";"3049";"A.S.D. Oratorio San Gaetano";"Trasferta";"Palestra Oratorio San Gaetano · Abbiategrasso · Via Carlo Maria Maggi";"In programma";"";"";"";"";"";"";"";"";"";"";"";"";"23";"Elena Cappelletto";"Centrale";"";"";"";""
"Coppa Top Level";"2026-10-02";"21:00";"Giornata 2";"3049";"A.S.D. Oratorio San Gaetano";"Trasferta";"Palestra Oratorio San Gaetano · Abbiategrasso · Via Carlo Maria Maggi";"In programma";"";"";"";"";"";"";"";"";"";"";"";"";"32";"Giada Colombo";"Centrale";"";"";"";""
"Coppa Top Level";"2026-10-02";"21:00";"Giornata 2";"3049";"A.S.D. Oratorio San Gaetano";"Trasferta";"Palestra Oratorio San Gaetano · Abbiategrasso · Via Carlo Maria Maggi";"In programma";"";"";"";"";"";"";"";"";"";"";"";"";"36";"Silvia Dell’Acqua";"Schiacciatrice";"";"";"";""
"Coppa Top Level";"2026-10-02";"21:00";"Giornata 2";"3049";"A.S.D. Oratorio San Gaetano";"Trasferta";"Palestra Oratorio San Gaetano · Abbiategrasso · Via Carlo Maria Maggi";"In programma";"";"";"";"";"";"";"";"";"";"";"";"";"40";"Sara Berni";"Libero";"";"";"";""
"Coppa Top Level";"2026-10-02";"21:00";"Giornata 2";"3049";"A.S.D. Oratorio San Gaetano";"Trasferta";"Palestra Oratorio San Gaetano · Abbiategrasso · Via Carlo Maria Maggi";"In programma";"";"";"";"";"";"";"";"";"";"";"";"";"42";"Laura Lociuro";"Opposta";"";"";"";""
"Coppa Top Level";"2026-10-02";"21:00";"Giornata 2";"3049";"A.S.D. Oratorio San Gaetano";"Trasferta";"Palestra Oratorio San Gaetano · Abbiategrasso · Via Carlo Maria Maggi";"In programma";"";"";"";"";"";"";"";"";"";"";"";"";"44";"Silvia Genoni";"Schiacciatrice · capitana";"";"";"";""
"Coppa Top Level";"2026-10-02";"21:00";"Giornata 2";"3049";"A.S.D. Oratorio San Gaetano";"Trasferta";"Palestra Oratorio San Gaetano · Abbiategrasso · Via Carlo Maria Maggi";"In programma";"";"";"";"";"";"";"";"";"";"";"";"";"53";"Arianna Radice";"Palleggiatrice";"";"";"";""
"Coppa Top Level";"2026-10-02";"21:00";"Giornata 2";"3049";"A.S.D. Oratorio San Gaetano";"Trasferta";"Palestra Oratorio San Gaetano · Abbiategrasso · Via Carlo Maria Maggi";"In programma";"";"";"";"";"";"";"";"";"";"";"";"";"64";"Chiara Papetti";"Da assegnare";"";"";"";""
"Coppa Top Level";"2026-10-09";"21:00";"Giornata 3";"3051";"Sant’Ambrogio Parabiago A.S.D. - APS";"Casa";"Scuola media Rho-Quartiere Stellanda · Rho · Via S. di Giacomo";"In programma";"";"";"";"";"";"";"";"";"";"";"";"";"5";"Vanessa Recalcati";"Schiacciatrice";"";"";"";""
"Coppa Top Level";"2026-10-09";"21:00";"Giornata 3";"3051";"Sant’Ambrogio Parabiago A.S.D. - APS";"Casa";"Scuola media Rho-Quartiere Stellanda · Rho · Via S. di Giacomo";"In programma";"";"";"";"";"";"";"";"";"";"";"";"";"6";"Erica Bortolotti";"Palleggiatrice";"";"";"";""
"Coppa Top Level";"2026-10-09";"21:00";"Giornata 3";"3051";"Sant’Ambrogio Parabiago A.S.D. - APS";"Casa";"Scuola media Rho-Quartiere Stellanda · Rho · Via S. di Giacomo";"In programma";"";"";"";"";"";"";"";"";"";"";"";"";"10";"Melissa Leonardi";"Opposta";"";"";"";""
"Coppa Top Level";"2026-10-09";"21:00";"Giornata 3";"3051";"Sant’Ambrogio Parabiago A.S.D. - APS";"Casa";"Scuola media Rho-Quartiere Stellanda · Rho · Via S. di Giacomo";"In programma";"";"";"";"";"";"";"";"";"";"";"";"";"15";"Anna Paola Barbetta";"Centrale";"";"";"";""
"Coppa Top Level";"2026-10-09";"21:00";"Giornata 3";"3051";"Sant’Ambrogio Parabiago A.S.D. - APS";"Casa";"Scuola media Rho-Quartiere Stellanda · Rho · Via S. di Giacomo";"In programma";"";"";"";"";"";"";"";"";"";"";"";"";"19";"Martina Dal Ferro";"Schiacciatrice";"";"";"";""
"Coppa Top Level";"2026-10-09";"21:00";"Giornata 3";"3051";"Sant’Ambrogio Parabiago A.S.D. - APS";"Casa";"Scuola media Rho-Quartiere Stellanda · Rho · Via S. di Giacomo";"In programma";"";"";"";"";"";"";"";"";"";"";"";"";"21";"Francesca Blecich";"Libero";"";"";"";""
"Coppa Top Level";"2026-10-09";"21:00";"Giornata 3";"3051";"Sant’Ambrogio Parabiago A.S.D. - APS";"Casa";"Scuola media Rho-Quartiere Stellanda · Rho · Via S. di Giacomo";"In programma";"";"";"";"";"";"";"";"";"";"";"";"";"23";"Elena Cappelletto";"Centrale";"";"";"";""
"Coppa Top Level";"2026-10-09";"21:00";"Giornata 3";"3051";"Sant’Ambrogio Parabiago A.S.D. - APS";"Casa";"Scuola media Rho-Quartiere Stellanda · Rho · Via S. di Giacomo";"In programma";"";"";"";"";"";"";"";"";"";"";"";"";"32";"Giada Colombo";"Centrale";"";"";"";""
"Coppa Top Level";"2026-10-09";"21:00";"Giornata 3";"3051";"Sant’Ambrogio Parabiago A.S.D. - APS";"Casa";"Scuola media Rho-Quartiere Stellanda · Rho · Via S. di Giacomo";"In programma";"";"";"";"";"";"";"";"";"";"";"";"";"36";"Silvia Dell’Acqua";"Schiacciatrice";"";"";"";""
"Coppa Top Level";"2026-10-09";"21:00";"Giornata 3";"3051";"Sant’Ambrogio Parabiago A.S.D. - APS";"Casa";"Scuola media Rho-Quartiere Stellanda · Rho · Via S. di Giacomo";"In programma";"";"";"";"";"";"";"";"";"";"";"";"";"40";"Sara Berni";"Libero";"";"";"";""
"Coppa Top Level";"2026-10-09";"21:00";"Giornata 3";"3051";"Sant’Ambrogio Parabiago A.S.D. - APS";"Casa";"Scuola media Rho-Quartiere Stellanda · Rho · Via S. di Giacomo";"In programma";"";"";"";"";"";"";"";"";"";"";"";"";"42";"Laura Lociuro";"Opposta";"";"";"";""
"Coppa Top Level";"2026-10-09";"21:00";"Giornata 3";"3051";"Sant’Ambrogio Parabiago A.S.D. - APS";"Casa";"Scuola media Rho-Quartiere Stellanda · Rho · Via S. di Giacomo";"In programma";"";"";"";"";"";"";"";"";"";"";"";"";"44";"Silvia Genoni";"Schiacciatrice · capitana";"";"";"";""
"Coppa Top Level";"2026-10-09";"21:00";"Giornata 3";"3051";"Sant’Ambrogio Parabiago A.S.D. - APS";"Casa";"Scuola media Rho-Quartiere Stellanda · Rho · Via S. di Giacomo";"In programma";"";"";"";"";"";"";"";"";"";"";"";"";"53";"Arianna Radice";"Palleggiatrice";"";"";"";""
"Coppa Top Level";"2026-10-09";"21:00";"Giornata 3";"3051";"Sant’Ambrogio Parabiago A.S.D. - APS";"Casa";"Scuola media Rho-Quartiere Stellanda · Rho · Via S. di Giacomo";"In programma";"";"";"";"";"";"";"";"";"";"";"";"";"64";"Chiara Papetti";"Da assegnare";"";"";"";""
"Coppa Top Level";"2026-10-16";"21:15";"Giornata 4";"3056";"S.O.I. Inveruno";"Trasferta";"Palestra Nuova Scuola Media · Inveruno · Via IV Novembre";"In programma";"";"";"";"";"";"";"";"";"";"";"";"";"5";"Vanessa Recalcati";"Schiacciatrice";"";"";"";""
"Coppa Top Level";"2026-10-16";"21:15";"Giornata 4";"3056";"S.O.I. Inveruno";"Trasferta";"Palestra Nuova Scuola Media · Inveruno · Via IV Novembre";"In programma";"";"";"";"";"";"";"";"";"";"";"";"";"6";"Erica Bortolotti";"Palleggiatrice";"";"";"";""
"Coppa Top Level";"2026-10-16";"21:15";"Giornata 4";"3056";"S.O.I. Inveruno";"Trasferta";"Palestra Nuova Scuola Media · Inveruno · Via IV Novembre";"In programma";"";"";"";"";"";"";"";"";"";"";"";"";"10";"Melissa Leonardi";"Opposta";"";"";"";""
"Coppa Top Level";"2026-10-16";"21:15";"Giornata 4";"3056";"S.O.I. Inveruno";"Trasferta";"Palestra Nuova Scuola Media · Inveruno · Via IV Novembre";"In programma";"";"";"";"";"";"";"";"";"";"";"";"";"15";"Anna Paola Barbetta";"Centrale";"";"";"";""
"Coppa Top Level";"2026-10-16";"21:15";"Giornata 4";"3056";"S.O.I. Inveruno";"Trasferta";"Palestra Nuova Scuola Media · Inveruno · Via IV Novembre";"In programma";"";"";"";"";"";"";"";"";"";"";"";"";"19";"Martina Dal Ferro";"Schiacciatrice";"";"";"";""
"Coppa Top Level";"2026-10-16";"21:15";"Giornata 4";"3056";"S.O.I. Inveruno";"Trasferta";"Palestra Nuova Scuola Media · Inveruno · Via IV Novembre";"In programma";"";"";"";"";"";"";"";"";"";"";"";"";"21";"Francesca Blecich";"Libero";"";"";"";""
"Coppa Top Level";"2026-10-16";"21:15";"Giornata 4";"3056";"S.O.I. Inveruno";"Trasferta";"Palestra Nuova Scuola Media · Inveruno · Via IV Novembre";"In programma";"";"";"";"";"";"";"";"";"";"";"";"";"23";"Elena Cappelletto";"Centrale";"";"";"";""
"Coppa Top Level";"2026-10-16";"21:15";"Giornata 4";"3056";"S.O.I. Inveruno";"Trasferta";"Palestra Nuova Scuola Media · Inveruno · Via IV Novembre";"In programma";"";"";"";"";"";"";"";"";"";"";"";"";"32";"Giada Colombo";"Centrale";"";"";"";""
"Coppa Top Level";"2026-10-16";"21:15";"Giornata 4";"3056";"S.O.I. Inveruno";"Trasferta";"Palestra Nuova Scuola Media · Inveruno · Via IV Novembre";"In programma";"";"";"";"";"";"";"";"";"";"";"";"";"36";"Silvia Dell’Acqua";"Schiacciatrice";"";"";"";""
"Coppa Top Level";"2026-10-16";"21:15";"Giornata 4";"3056";"S.O.I. Inveruno";"Trasferta";"Palestra Nuova Scuola Media · Inveruno · Via IV Novembre";"In programma";"";"";"";"";"";"";"";"";"";"";"";"";"40";"Sara Berni";"Libero";"";"";"";""
"Coppa Top Level";"2026-10-16";"21:15";"Giornata 4";"3056";"S.O.I. Inveruno";"Trasferta";"Palestra Nuova Scuola Media · Inveruno · Via IV Novembre";"In programma";"";"";"";"";"";"";"";"";"";"";"";"";"42";"Laura Lociuro";"Opposta";"";"";"";""
"Coppa Top Level";"2026-10-16";"21:15";"Giornata 4";"3056";"S.O.I. Inveruno";"Trasferta";"Palestra Nuova Scuola Media · Inveruno · Via IV Novembre";"In programma";"";"";"";"";"";"";"";"";"";"";"";"";"44";"Silvia Genoni";"Schiacciatrice · capitana";"";"";"";""
"Coppa Top Level";"2026-10-16";"21:15";"Giornata 4";"3056";"S.O.I. Inveruno";"Trasferta";"Palestra Nuova Scuola Media · Inveruno · Via IV Novembre";"In programma";"";"";"";"";"";"";"";"";"";"";"";"";"53";"Arianna Radice";"Palleggiatrice";"";"";"";""
"Coppa Top Level";"2026-10-16";"21:15";"Giornata 4";"3056";"S.O.I. Inveruno";"Trasferta";"Palestra Nuova Scuola Media · Inveruno · Via IV Novembre";"In programma";"";"";"";"";"";"";"";"";"";"";"";"";"64";"Chiara Papetti";"Da assegnare";"";"";"";""
"Coppa Top Level";"2026-10-25";"20:30";"Giornata 5";"3057";"Volley Cornaredo";"Trasferta";"Palestra Scuola Elementare N. Dugnani · Cornaredo · Via IV Novembre";"In programma";"";"";"";"";"";"";"";"";"";"";"";"";"5";"Vanessa Recalcati";"Schiacciatrice";"";"";"";""
"Coppa Top Level";"2026-10-25";"20:30";"Giornata 5";"3057";"Volley Cornaredo";"Trasferta";"Palestra Scuola Elementare N. Dugnani · Cornaredo · Via IV Novembre";"In programma";"";"";"";"";"";"";"";"";"";"";"";"";"6";"Erica Bortolotti";"Palleggiatrice";"";"";"";""
"Coppa Top Level";"2026-10-25";"20:30";"Giornata 5";"3057";"Volley Cornaredo";"Trasferta";"Palestra Scuola Elementare N. Dugnani · Cornaredo · Via IV Novembre";"In programma";"";"";"";"";"";"";"";"";"";"";"";"";"10";"Melissa Leonardi";"Opposta";"";"";"";""
"Coppa Top Level";"2026-10-25";"20:30";"Giornata 5";"3057";"Volley Cornaredo";"Trasferta";"Palestra Scuola Elementare N. Dugnani · Cornaredo · Via IV Novembre";"In programma";"";"";"";"";"";"";"";"";"";"";"";"";"15";"Anna Paola Barbetta";"Centrale";"";"";"";""
"Coppa Top Level";"2026-10-25";"20:30";"Giornata 5";"3057";"Volley Cornaredo";"Trasferta";"Palestra Scuola Elementare N. Dugnani · Cornaredo · Via IV Novembre";"In programma";"";"";"";"";"";"";"";"";"";"";"";"";"19";"Martina Dal Ferro";"Schiacciatrice";"";"";"";""
"Coppa Top Level";"2026-10-25";"20:30";"Giornata 5";"3057";"Volley Cornaredo";"Trasferta";"Palestra Scuola Elementare N. Dugnani · Cornaredo · Via IV Novembre";"In programma";"";"";"";"";"";"";"";"";"";"";"";"";"21";"Francesca Blecich";"Libero";"";"";"";""
"Coppa Top Level";"2026-10-25";"20:30";"Giornata 5";"3057";"Volley Cornaredo";"Trasferta";"Palestra Scuola Elementare N. Dugnani · Cornaredo · Via IV Novembre";"In programma";"";"";"";"";"";"";"";"";"";"";"";"";"23";"Elena Cappelletto";"Centrale";"";"";"";""
"Coppa Top Level";"2026-10-25";"20:30";"Giornata 5";"3057";"Volley Cornaredo";"Trasferta";"Palestra Scuola Elementare N. Dugnani · Cornaredo · Via IV Novembre";"In programma";"";"";"";"";"";"";"";"";"";"";"";"";"32";"Giada Colombo";"Centrale";"";"";"";""
"Coppa Top Level";"2026-10-25";"20:30";"Giornata 5";"3057";"Volley Cornaredo";"Trasferta";"Palestra Scuola Elementare N. Dugnani · Cornaredo · Via IV Novembre";"In programma";"";"";"";"";"";"";"";"";"";"";"";"";"36";"Silvia Dell’Acqua";"Schiacciatrice";"";"";"";""
"Coppa Top Level";"2026-10-25";"20:30";"Giornata 5";"3057";"Volley Cornaredo";"Trasferta";"Palestra Scuola Elementare N. Dugnani · Cornaredo · Via IV Novembre";"In programma";"";"";"";"";"";"";"";"";"";"";"";"";"40";"Sara Berni";"Libero";"";"";"";""
"Coppa Top Level";"2026-10-25";"20:30";"Giornata 5";"3057";"Volley Cornaredo";"Trasferta";"Palestra Scuola Elementare N. Dugnani · Cornaredo · Via IV Novembre";"In programma";"";"";"";"";"";"";"";"";"";"";"";"";"42";"Laura Lociuro";"Opposta";"";"";"";""
"Coppa Top Level";"2026-10-25";"20:30";"Giornata 5";"3057";"Volley Cornaredo";"Trasferta";"Palestra Scuola Elementare N. Dugnani · Cornaredo · Via IV Novembre";"In programma";"";"";"";"";"";"";"";"";"";"";"";"";"44";"Silvia Genoni";"Schiacciatrice · capitana";"";"";"";""
"Coppa Top Level";"2026-10-25";"20:30";"Giornata 5";"3057";"Volley Cornaredo";"Trasferta";"Palestra Scuola Elementare N. Dugnani · Cornaredo · Via IV Novembre";"In programma";"";"";"";"";"";"";"";"";"";"";"";"";"53";"Arianna Radice";"Palleggiatrice";"";"";"";""
"Coppa Top Level";"2026-10-25";"20:30";"Giornata 5";"3057";"Volley Cornaredo";"Trasferta";"Palestra Scuola Elementare N. Dugnani · Cornaredo · Via IV Novembre";"In programma";"";"";"";"";"";"";"";"";"";"";"";"";"64";"Chiara Papetti";"Da assegnare";"";"";"";""
